id,fortune
1,Keep your word and your work will shine.
2,Small steps every day build giant results.
3,Patience is power in slow motion.
4,Your focus decides your future.
5,Kindness returns in unexpected ways.
6,Rest is not quitting it is refueling.
7,Clear goals make hard choices easy.
8,Start before you feel fully ready.
9,Discipline beats mood on tough days.
10,Courage grows each time you act.
11,Listen more and life teaches faster.
12,Protect your peace like a treasure.
13,Good habits are quiet superpowers.
14,Progress hides inside repetition.
15,Gratitude turns enough into abundance.
16,Keep promises to yourself first.
17,A calm mind sees sharp solutions.
18,Learn once apply forever.
19,Choose people who cheer your growth.
20,Do less but do it deeply.
21,Consistency is talent multiplied.
22,What you practice becomes your personality.
23,Humility opens doors pride cannot.
24,Silence can be a wise answer.
25,Confidence comes from kept commitments.
26,Finish what matters before starting new.
27,Your standards shape your destiny.
28,A brave question can change your life.
29,Simplicity is strength in disguise.
30,Be present this moment is the real one.
31,Slow down to speed up correctly.
32,Truth spoken gently still has power.
33,Energy flows where attention goes.
34,Protect mornings and own your day.
35,Excellence is ordinary effort repeated.
36,Choose purpose over pressure.
37,Your future self is watching today.
38,Every no makes space for a better yes.
39,Wisdom begins when ego gets quiet.
40,Hard seasons grow deep roots.
41,Respect time and it will reward you.
42,Clarity arrives after honest reflection.
43,Better questions create better outcomes.
44,Stay curious and stay teachable.
45,Joy is built in tiny moments.
46,Keep learning even when winning.
47,The right pace is the one you can sustain.
48,Your actions introduce you first.
49,Make room for wonder in routine days.
50,Lead with integrity and sleep peacefully.